sequence,N0
sequence,N0
422244113314432343312324314211,1248
234142412334432224112111132312,1409
423213322331344112234421111341,1137
343344221342221224141122114122,983
432234412342443434243324312322,1252
313444322211313231312132121313,1098
241142141333144213322334133122,1004
331221412243244312244323232134,1031
424211344441114432144444123444,1364
232232321422223123342333331342,1361
322412132334134411344431422421,1745
343242231342412432142112214431,1279
213122413112112212414231431142,1497
422432424221131113233134221213,1562
232434233234414132314114342314,1571
423211321112144112114234411333,1414
124313424412223213344321443221,1550
434144143341113443234241414313,1620
424213144431441314413234312213,1397
321231214413142114342424422242,1701
232442243224411322312242311333,1770
432411123221233441331423223114,1940
423312422313332112213231342244,1739
123422341123232323233111241132,1671
134344311243242441111221241221,2021
322444332441124423124324143312,1414
224133411333143421444441313134,1878
441132432122144214433323441424,2052
144244231432412231332432344233,1562
423111112342214342331143431211,1901
422244113314432343312324314211,1248
234142412334432224112111132312,1409
423213322331344112234421111341,1137
343344221342221224141122114122,1033
432234412342443434243324312322,1256
313444322211313231312132121313,1400
241142141333144213322334133122,1119
331221412243244312244323232134,1049
424211344441114432144444123444,1509
232232321422223123342333331342,1428
322412132334134411344431422421,1745
343242231342412432142112214431,1545
213122413112112212414231431142,1547
422432424221131113233134221213,2080
232434233234414132314114342314,1981
423211321112144112114234411333,1414
124313424412223213344321443221,2840
434144143341113443234241414313,2224
424213144431441314413234312213,1555
321231214413142114342424422242,1967
232442243224411322312242311333,2076
432411123221233441331423223114,1940
423312422313332112213231342244,1743
123422341123232323233111241132,1671
134344311243242441111221241221,2349
322444332441124423124324143312,1861
224133411333143421444441313134,2868
441132432122144214433323441424,3286
144244231432412231332432344233,1930
423111112342214342331143431211,1944
422244113314432343312324314211,1248
234142412334432224112111132312,1409
423213322331344112234421111341,1137
343344221342221224141122114122,1075
432234412342443434243324312322,1260
313444322211313231312132121313,1850
241142141333144213322334133122,1225
331221412243244312244323232134,1049
424211344441114432144444123444,1645
232232321422223123342333331342,1500
322412132334134411344431422421,1745
343242231342412432142112214431,1856
213122413112112212414231431142,1547
422432424221131113233134221213,2080
232434233234414132314114342314,1981
423211321112144112114234411333,1414
124313424412223213344321443221,2840
434144143341113443234241414313,2224
424213144431441314413234312213,1557
321231214413142114342424422242,2071
232442243224411322312242311333,2088
432411123221233441331423223114,1940
423312422313332112213231342244,1743
123422341123232323233111241132,1671
134344311243242441111221241221,2349
322444332441124423124324143312,2489
224133411333143421444441313134,2906
441132432122144214433323441424,3408
144244231432412231332432344233,2111
423111112342214342331143431211,1951
422244113314432343312324314211,1248
234142412334432224112111132312,1409
423213322331344112234421111341,1137
343344221342221224141122114122,1075
432234412342443434243324312322,1260
313444322211313231312132121313,1850
241142141333144213322334133122,1225
331221412243244312244323232134,1049
424211344441114432144444123444,1645
232232321422223123342333331342,1500
322412132334134411344431422421,1745
343242231342412432142112214431,1856
213122413112112212414231431142,1547
422432424221131113233134221213,2080
232434233234414132314114342314,1981
423211321112144112114234411333,1414
124313424412223213344321443221,2840
434144143341113443234241414313,2224
424213144431441314413234312213,1557
321231214413142114342424422242,2071
232442243224411322312242311333,2088
432411123221233441331423223114,1940
423312422313332112213231342244,1743
123422341123232323233111241132,1671
134344311243242441111221241221,2349
322444332441124423124324143312,2489
224133411333143421444441313134,2906
441132432122144214433323441424,3408
144244231432412231332432344233,2109
423111112342214342331143431211,1951
422244113314432343312324314211,290
234142412334432224112111132312,220
423213322331344112234421111341,434
343344221342221224141122114122,256
432234412342443434243324312322,187
313444322211313231312132121313,193
241142141333144213322334133122,257
331221412243244312244323232134,7
424211344441114432144444123444,6
232232321422223123342333331342,1
322412132334134411344431422421,1
343242231342412432142112214431,7
422244113314432343312324314211,784
234142412334432224112111132312,1139
423213322331344112234421111341,977
343344221342221224141122114122,792
432234412342443434243324312322,1026
313444322211313231312132121313,745
241142141333144213322334133122,818
331221412243244312244323232134,937
424211344441114432144444123444,877
232232321422223123342333331342,949
322412132334134411344431422421,1347
343242231342412432142112214431,907
213122413112112212414231431142,806
422432424221131113233134221213,507
232434233234414132314114342314,513
423211321112144112114234411333,1393
124313424412223213344321443221,830
434144143341113443234241414313,1132
424213144431441314413234312213,1081
321231214413142114342424422242,1073
232442243224411322312242311333,711
432411123221233441331423223114,490
423312422313332112213231342244,1268
123422341123232323233111241132,1096
134344311243242441111221241221,235
322444332441124423124324143312,708
224133411333143421444441313134,815
441132432122144214433323441424,142
144244231432412231332432344233,980
423111112342214342331143431211,953
