sequence,N0,id,parent_id,x,y,born,active
423111112342214342331143431211,1,226802,40803,-24.960696420429343,2.015164206988004,6,0
423111112342214342331143431211,1,194177,405880,-5.428964122070682,-11.771474941550801,6,0
423111112342214342331143431211,1,163194,344725,6.398991446135136,2.702369334316243,6,0
423111112342214342331143431211,1,285469,380839,12.562170254318715,-13.6999187318768,6,0
423111112342214342331143431211,1,62305,16630,12.521303940187906,10.086503637499888,6,0
423111112342214342331143431211,1,201892,168778,11.94783086883678,21.869767030305965,6,0
423111112342214342331143431211,1,241892,89122,7.857471996605849,13.81004368916519,6,0
423111112342214342331143431211,1,367192,406225,19.25269351649407,5.833838121907275,6,0
322412132334134411344431422421,1,291025,86565,0.7778063427809225,-18.377425862094977,6,0
322412132334134411344431422421,1,350179,187908,10.960439889180606,25.3837472323478,6,0
322412132334134411344431422421,1,230800,210377,18.02984417457328,-15.906960686747041,6,0
322412132334134411344431422421,1,62855,362564,-18.08434790018658,19.95102359031739,6,0
322412132334134411344431422421,1,159477,281146,13.10428698584005,-21.6109542971582,6,0
322412132334134411344431422421,1,376679,23067,28.017332739510437,6.282179238977584,6,0
322412132334134411344431422421,1,362053,75456,21.655428929261788,-4.779534425218135,6,0
322412132334134411344431422421,1,245702,289844,19.064009140428166,8.861367249288607,6,0
322412132334134411344431422421,1,197261,2358,0.27885212379592555,-1.4398335795846784,6,0
322412132334134411344431422421,1,84124,27823,4.625324493777147,9.91995600444335,6,0
322412132334134411344431422421,1,302352,231709,21.891622193873065,-0.7752231034906041,6,0
322412132334134411344431422421,1,375158,204650,-4.771684309268324,-21.717368405460174,6,0
322412132334134411344431422421,1,392211,268588,-8.018168717688024,18.471262679104676,6,0
322412132334134411344431422421,1,115551,150646,-8.314597732819543,28.058229907654297,6,0
322412132334134411344431422421,1,100473,39661,-9.12263731416043,-19.825719157631582,6,0
322412132334134411344431422421,1,147509,74839,-9.620495553503407,-12.093031199595007,6,0
322412132334134411344431422421,1,187724,372873,-5.88964545046285,16.26104866405573,6,0
32241213233413441134441422421,1,78823,308055,-11.65106908477323,26.1026343347187,6,0
321231214413142114342424422242,1,42637,13112,2.371847026494845,14.460251368006425,6,0
321231214413142114342424422242,1,20879,169419,-15.249423986723572,-22.119095172861943,6,0
321231214413142114342424422242,1,245536,269433,-24.893745958274277,-3.5441901332142094,6,0
321231214413142114342424422242,1,118754,98673,-27.266966918384217,9.531487432021963,6,0
321231214413142144342424422242,1,65631,257223,-12.49172003783712,21.884774435249195,6,0
321231214413142144342424422242,1,140969,224753,0.13139184473988197,19.985746422236033,6,0
321231214413142114342424422242,1,131460,355874,18.153282777395578,-15.066429730258221,6,0
321231214413142114342424422242,1,288134,347914,-6.74536948220648,18.88838619501434,6,0
321231214413142114342424422242,1,73170,320241,-15.083728255896434,2.689022813348723,6,0
321231214413142114342424422242,1,230778,85738,2.482699884880807,-19.34983501564128,6,0
321231214413142113342424422242,1,411793,57853,13.981309038317718,4.785371000582418,6,0
321231214413142114342424422242,1,55231,189389,2.6904294662623274,-6.125447825662234,6,0
3214231214413142114342424422242,1,241607,415106,2.8935081699957332,23.729189331733696,6,0
321231214413142114342424422242,1,335572,180229,-11.22206396037991,-21.632334398940035,6,0
321231214413142114342424422242,1,112607,287339,16.79143212973309,-12.062446717906713,6,0
321231214413142114342424422242,1,282935,131356,6.147427327082487,26.938723803529108,6,0
3212312144131422114342424422242,1,245203,43552,-12.881983852160479,23.968078769550583,6,0
321231214413142114342424422242,1,3590,166609,10.792210692883193,-19.100365324397746,6,0
321231214413142114342424422242,1,122331,394826,-12.637649455587066,-3.1410804617805366,6,0
423312422313332112213231342244,1,58027,388786,-3.16308116601573,-12.428007498564478,6,0
423312422313332112213231342244,1,414161,30394,-28.14899976628912,-7.828374708279111,6,0
423312422313332112213231342244,1,127262,62551,-17.59739303632452,21.712456331581617,6,0
423312422313332112213231342244,1,269171,159798,4.209385996325072,-28.475145319865216,6,0
423312422313332112213231342244,1,299515,410953,-7.674747234665932,-4.171056012642139,6,0
423312422313332112213231342244,1,133864,376852,-4.687037768298123,-10.398301115639923,6,0
423312422313332112213231342244,1,34753,332651,-7.614052933356258,-15.274626640897749,6,0
423312422313332112213231342244,1,57904,236744,-1.959069431671509,-12.509239831429813,6,0
423312422313332112213231342244,1,162599,88201,18.50949725211362,2.7165058100997954,6,0
423312422313332112213231342244,1,10193,181387,5.26190414911206,-13.823238871394407,6,0
423312422313332112213231342244,1,13773,192865,12.198508210075858,11.16377093555266,6,0
232232321422223123342333331342,1,57469,78863,-13.139497988407937,-9.489391673182636,6,0
232232321422223123342333331342,1,74187,365693,-5.706320412311434,6.022110883845385,6,0
232232321422223123342333331342,1,105077,104944,-12.160340473011738,18.25375313071359,6,0
232232321422223123342333331342,1,255274,130058,14.56984038674645,-8.68729309768858,6,0
232232321422223123342333331342,1,367836,170606,-19.218972087731924,-6.534057488504325,6,0
343344221342221224141122114122,1,111091,349051,2.2807265046107505,17.394236681660207,6,0
34334422134222142214141122114122,1,132400,11182,-2.698033389008759,-16.374676085708472,6,0
343344221342221224141122114122,1,173028,12500,16.420877560712484,24.2535210228586,6,0
343344221342221224141122114122,1,34707,268482,-5.66529512340441,19.62167027493265,6,0
343344221342221224141122114122,1,149502,61984,-5.16435596207452,-28.251212649727833,6,0
343344221342221224141122114122,1,20790,39190,27.535381598774137,-8.269230278248552,6,0
3433442213422213224141122114122,1,302848,187833,8.974564220628297,12.743962218249681,6,0
343344221342221224141122114122,1,153634,281938,-20.564595757281417,-4.9647297372881445,6,0
343344221342221224141122114122,1,104076,64630,9.144819283674012,10.43273264032266,6,0
343344221342221224141122114122,1,32059,142212,25.591547478008707,-4.351118554279209,6,0
343344221342221224141122114122,1,125098,279029,4.710304689470976,-7.747256140874254,6,0
432234412342443434243324312322,1,208003,34552,13.15160283012154,0.030958153871156736,6,0
432234412342443434243324312322,1,340338,322045,5.6294689009563745,-16.085003836848347,6,0
432234412342443434243324312322,1,316350,143897,7.16266749900378,-1.1270346986142672,6,0
432224412342443434243324312322,1,76217,305154,27.997303411468373,7.967609232115595,6,0
432234412342443434243324312322,1,328811,287942,-11.741659176640722,-22.405025374099225,6,0
432234412342443434243324312322,1,256788,24817,-14.642639438858883,5.008992232775635,6,0
432234412342443434243324312322,1,84418,302508,3.658095364875299,-26.510638153920805,6,0
432234412342443434243324312322,1,150088,34960,-19.5549484968039,16.450880906259474,6,0
432234412342443434243324312322,1,78105,393274,-16.870433615442213,2.8332987893805868,6,0
432234412342443434243324312322,1,22138,267073,-7.619253134075367,-13.014919934963649,6,0
423213322331344112234424111341,1,335604,86689,-16.72150608412136,21.954388123418223,6,0
423213322331344112234424111341,1,10996,298872,15.095776801749457,12.374071577170524,6,0
423213322331344112234424111341,1,5895,66443,23.253742794563184,5.146676196594329,6,0
423213322331344112234424111341,1,89646,331068,-19.455851507687044,-4.933545936909015,6,0
423213322331344112234424111341,1,239105,311816,-25.077990690192472,10.458352085679262,6,0
423213322331344112234424111341,1,53482,393955,7.580763523830845,-13.429292861543898,6,0
423213322331344112234421111341,1,297622,149790,12.581231425598213,-0.15771864892597928,6,0
42313322331344112234421111341,1,331389,184594,-0.1482267272327418,4.91867674995015,6,0
423213322331344112234421111341,1,197933,405860,-9.126921046903632,15.39379167514768,6,0
423213322331344112234421111341,1,54168,248715,-22.22849183065979,-3.21280051381835,6,0
423213322331344112234421111341,1,246209,413703,17.31527659303878,-20.351716873983747,6,0
423213322331344112234421111341,1,235407,102580,0.5430646286202024,-15.760451267619626,6,0
423213322331344112234421111341,1,364637,380107,-4.959395552008027,0.17831343313814219,6,0
423213322331344112234421111341,1,48599,387148,-5.167306559052422,-25.073509897519482,6,0
232434233234414132314114342314,1,215158,366057,2.5044527041545765,25.191062245048148,6,0
232434233234414132314114342314,1,178844,51713,15.762134054498697,0.7206518090451443,6,0
232434233234414132314114342314,1,346106,322757,24.738535915245965,6.469577613652559,6,0
232434233234414132314114342314,1,219487,224649,25.7131528777698,-2.517300801485369,6,0
232434233234414132314114342314,1,128092,110024,10.693330311406287,19.379352547810228,6,0
232434233234414132314114342314,1,129718,21630,10.464680334057407,9.015487083344203,6,0
232434233234414132314114342314,1,217150,43124,2.106605308530634,2.314703181653801,6,0
232434233234414132314114342314,1,150980,51474,-4.822970351711637,-14.420783127054744,6,0
232434233234414132314114342314,1,238157,86538,-2.685453726561747,9.05532937938983,6,0
232434233234414132314114342314,1,416984,424064,-8.620889785455716,3.679578624349466,6,0
23243423323441412314114342314,1,274076,121158,9.085183462126231,1.3716509922817768,6,0
23243423323441412314114342314,1,84327,107547,26.528052973065748,-9.565479888063686,6,0
232434233234414132314114342314,1,382051,271332,-20.875044964173973,10.402679287430773,6,0
232434233234414132314114342314,1,411842,311052,-5.841256065102244,19.83398973019262,6,0
232434233234414132314114342314,1,313384,72726,13.527914099828639,18.11257612820839,6,0
232434233234414132314114342314,1,135531,356983,19.639755780772752,-6.150583094856205,6,0
232434233234414132314114342314,1,356481,3902,-11.675199439159313,23.138004527289507,6,0
232434233234414132314114342314,1,211840,207747,-19.40102201285162,22.418881468951223,6,0
424213144431441314413234312213,1,225378,285929,-2.669969242317546,12.345388446743177,6,0
424113144431441314413234312113,1,205409,72430,-4.7118388188108,20.015061652770047,6,0
424213144431441314413234312213,1,418133,15804,-11.732113700329407,13.699512387795895,6,0
424213144431441314413234312213,1,27025,27083,-21.913367834710442,3.743188585198855,6,0
424213144431441314413234312213,1,57198,102410,-23.52219625391264,-3.5333648647932594,6,0
424213144431441314413234312213,1,129222,395404,-24.35757803026908,-0.929523699776667,6,0
424213144431441314413234312213,1,250244,332552,5.584114430960389,-8.63451422813734,6,0
424213144431441314413234312213,1,46726,329726,-23.747169820337596,-7.923883594326923,6,0
424213144431441314413234312213,1,9443,330493,-26.060921261219576,13.425539347319946,6,0
424213144431441314413234312213,1,192942,230368,-3.1043556297545454,-20.017892411097066,6,0
424213144431441314413234312213,1,311841,269891,11.822317214260002,-6.749072607636671,6,0
424213144431441314423234312213,1,238871,91666,-12.598549993001134,25.025006613523505,6,0
424213144431441314413234312213,1,316427,372702,12.545604916849221,-7.689007860543522,6,0
44213144431441314413234312213,1,328188,38425,-18.106064198998567,7.825672196335084,6,0
44213144431441314413234312213,1,246562,403642,-9.080354477377885,11.120365852647662,6,0
424213144431441314413234312213,1,9132,278286,-20.202469186118783,-13.211566287922349,6,0
424213144431441314413234312213,1,90708,338043,-18.622770733696814,-9.45758750078285,6,0
424213144431441314413234312213,1,334483,235585,6.552733258217428,-4.046788842416424,6,0
123422341123232323233111241132,1,75732,307730,24.437097329328772,-7.995223754780085,6,0
123422341123232323233111241132,1,182216,209044,23.72645550527594,-4.936335692935523,6,0
123422341123232323233111241132,1,1812,53640,-3.8695752479375365,-25.46665581312481,6,0
123422341123232323233111241132,1,130451,13780,-23.581494832249188,-8.588766808886579,6,0
123422341123232323233111241132,1,200862,209089,-10.599896221900018,-24.776970807958428,6,0
12342241123232323233111241132,1,179320,68284,9.918462496006704,-13.082604414250511,6,0
123422341123232323233111241132,1,327056,34799,0.17362451590990108,-16.026219007864686,6,0
123422341123232323233111241132,1,106212,256203,-8.11977482474618,2.0809514729263143,6,0
123422341123232323233111241132,1,186100,310949,26.280537925371906,2.0140448259441484,6,0
123422341123232323233111241132,1,265686,396907,6.581223895382987,-16.632488099735117,6,0
422244113314432343312324314211,1,330488,309588,24.246929958959335,14.14989428596023,6,0
422244113314432343312324314211,1,351010,28128,17.763190510350274,1.4661015200349061,6,0
422244113314432343312324314211,1,33959,390027,-7.987472227854331,26.42823377355438,6,0
422244113314432343312324314211,1,128038,262150,-13.762107276230637,-2.8003990491516895,6,0
422244113314432343312324314211,1,43161,329212,9.184872846487197,12.949657739206923,6,0
422244113314432343312324314211,1,289123,37231,27.31652696232998,9.825958858052168,6,0
422244113314432343312324314211,1,301631,219967,5.37597470258326,17.802962136505116,6,0
422244113314432343312324314211,1,271695,252291,-26.958700261228717,-2.9598607134994843,6,0
422244113314432343312324314211,1,244867,36630,12.657588518956096,0.9471590537237521,6,0
422244113314432343312324314211,1,71003,196958,12.601343065283672,16.7766309751711,6,0
422244113314432343312324314211,1,100602,289632,14.818514620231365,-2.332330686668093,6,0
422244113314432343312324314211,1,195094,216417,19.561178479000503,-20.446716845700994,6,0
422244113314432343312324314211,1,97727,104,2.003700011679577,-22.1490101093151,6,0
422244113314432343312324314211,1,323235,36808,-12.053640814394711,5.577537711041724,6,0
422244113314432343312324314211,1,318236,259733,-8.97540550934134,-6.085568296711798,6,0
422244113314432343312324314211,1,230618,331516,8.809538294180493,-10.234107109669992,6,0
422244113314432343312324314211,1,228392,338685,6.822861043915119,-19.715470980426343,6,0
422244113314432343312324314211,1,120886,130529,3.6701758964314983,-5.763463178061973,6,0
422244113314442343312324314211,1,181973,397320,-0.7865032117991456,8.358107675980646,6,0
422244113314442343312324314211,1,372572,36334,3.286146555672215,7.867140329557197,6,0
343344221342221224141122114122,1,403527,128393,3.0318562314487925,11.028594603331573,6,0
343344221342221224141122114122,1,230429,173354,-16.655558182992813,-6.402434851908135,6,0
343344221342221224141122114122,1,216135,304133,-15.75762559160298,11.140322863141447,6,0
343344221342221224141122114122,1,156198,368831,-0.20193951215675193,-3.331052656391591,6,0
343344221342221224141122114122,1,249044,222235,16.999303126264238,-2.2277371182787715,6,0
322444332441124423124324143312,1,111364,117026,-1.8463004373379959,24.922993901839913,6,0
322444332441124423124324143312,1,394084,147611,-11.55392018572293,-8.254642383734227,6,0
322444332441124423124324143312,1,258535,320171,-4.925898782866082,-20.192321347103253,6,0
322444332441124423124324143312,1,318278,291851,2.574982626495576,-21.015119850499627,6,0
322444332441124423124324143312,1,75537,351273,22.935220827618018,-11.262766226232598,6,0
322444332441124423124324143312,1,296743,256874,7.8298301832366235,2.365305460493581,6,0
322444332441124423124324143312,1,55260,318406,-12.938075562832815,8.183603929543937,6,0
322444432441124423124324143312,1,324524,122968,-15.816890223240916,15.453572811214928,6,0
322444332441124423124324143312,1,220174,46641,-14.833097480524351,21.569966695041053,6,0
322444332441124423124324143312,1,191086,350744,-11.962327015136806,21.116175354045208,6,0
32244433241124413124324143312,1,73451,396081,6.34925859782785,3.1427112520363027,6,0
322444332441124413124324143312,1,174763,21439,-10.864666513141087,22.78899446405559,6,0
322444332441124413124324143112,1,10965,121034,-8.504152449779788,9.11638897768047,6,0
322444332411124413124324143112,1,131215,154522,10.985271693116534,19.848963460199858,6,0
322444332441124423124324143312,1,206594,256951,-20.457266587044412,-19.391715927101664,6,0
322444332441124423124324143312,1,218206,294156,-10.22894821151307,-19.282620235581906,6,0
322444332441124423124324143312,1,341252,222364,13.345829237809214,24.388945362813594,6,0
322444332441124423124324143312,1,227399,377478,17.669740345243518,18.864316825420328,6,0
32244432441124423124324143312,1,316734,369664,-2.598061187504555,-21.782415000264606,6,0
322444332441124423124324143312,1,49063,40705,19.04673079969428,18.69553261092608,6,0
32244433244112442312432414312,1,400157,371910,-18.93617036263326,3.3847406500783093,6,0
322444332441124423124324143312,1,186889,325385,-19.357278889726125,-2.98668738028471,6,0
322444332441124423124324143312,1,97900,5940,29.331033265555668,-2.071921953235866,6,0
322444332441124423124324143312,1,243211,8377,-25.10482786262289,-7.3304560079318115,6,0
322444332441124423124324143312,1,309368,375966,-4.710289187610707,9.391203340331248,6,0
322444332441124423124324143312,1,134854,343134,6.244961892106111,-5.280722490838384,6,0
423111112342214342331143431211,1,160717,91312,0.7448029225097011,3.8857997443326715,6,0
423111112342214342331143431211,1,256358,47238,-26.177306878437843,-5.617229586671489,6,0
423312422313332112213231342244,1,131794,397258,-10.450308109010289,18.320976838021785,6,0
423312422313332112213231342244,1,126944,88279,3.098605611570586,20.596255079826012,6,0
423312422313332112213231442244,1,267063,227632,25.854628134639345,-1.0104568340989872,6,0
2322323214222231233423333311342,1,257516,183606,-8.28259830083708,-15.07738661673363,6,0
232232321422223123342333331342,1,366801,338041,-15.816005176331537,-23.52418398362657,6,0
232232321422223123342333331342,1,306820,85759,24.990634845389177,2.848859146023532,6,0
232232321422223123342333331342,1,22491,123897,28.205325154316967,1.142184995481413,6,0
232232321422223123342333331342,1,287226,282604,-21.071557148338456,-16.158176613340565,6,0
232232321422223123342333331342,1,415488,42050,-10.522282590859625,-0.6101660081635252,6,0
43213322331344112234421111341,1,211815,386123,-27.00468780159277,-8.978545032340936,6,0
423213322331344112234421111341,1,291135,412866,-13.60678071502462,17.081773543730694,6,0
423213322331344112234421111341,1,233740,153828,0.24508809853983096,-15.89517684737236,6,0
423213322331344112234421111341,1,282191,12113,-2.031205700387795,8.244057992679585,6,0
423213322331344112234421111341,1,72054,417308,-1.7170647033654511,-9.844168983468355,6,0
423213322331344112234421111341,1,266516,84144,-24.182807733567888,16.34896107486057,6,0
424213144431441314413234312213,1,423019,16372,-8.36012034824111,25.43413456293517,6,0
424213144431441314413234312213,1,392273,127581,-19.473078742776575,15.991281993189343,6,0
424213144431441314413234312213,1,244563,385146,7.7020527805776755,4.423243088819075,6,0
422113144431441314413234312213,1,3621,92917,-3.8298222442025405,3.1225866561477438,6,0
4242113144431441314413234312213,1,97355,241381,-4.120755061151478,-12.957934087235154,6,0
12342234112323232323311241132,1,133304,72307,-5.6326314454594115,5.480406069309878,6,0
12342234112323232323311241132,1,62972,349641,-5.070947792332044,12.105314277807636,6,0
343344221342221224141122114122,1,388316,101012,3.655052233023945,0.890615275107514,6,0
34334421342221224141122114122,1,262595,222785,4.258752255953779,3.5446736679780897,6,0
343344221342221224141122114122,1,340059,203140,1.8664561542708602,9.730740173512565,6,0
343344221342221224141122114122,1,294861,398852,-4.508891435289081,26.812079090457335,6,0
343344221342221224141122114122,1,88696,11808,8.38239022250126,27.359374117904363,6,0
343344221342221224141122114122,1,214616,239739,12.00006698389692,-3.981975173472224,6,0
343344221342221124141122114122,1,245248,147682,-20.85922924430859,-7.207100940698009,6,0
423111112342214342331143431211,1,129003,335243,-23.74369894395184,-5.120014721328614,6,0
423111112342214342331143431211,1,278982,372135,-27.745610117699513,3.3118400040889577,6,0
423111112342214342331143431211,1,135133,417356,-2.9416040939049055,-23.792371823119403,6,0
423111112342214342331143431211,1,37944,253527,-21.04404172393357,-18.419729671084554,6,0
423111112342214342331143431211,1,63883,363173,-20.98759387368833,-3.850596068341267,6,0
423111112342214342331143431211,1,409663,377547,-14.30178440046174,-26.27887367141685,6,0
423111112342214342331143431211,1,316018,313701,16.02533874071694,18.87555716799473,6,0
423111112342214342331143431211,1,309786,205095,-9.298286246437936,18.6235450937259,6,0
423111112342214342331143431211,1,346007,195612,1.3787655082901424,-22.980797390168586,6,0
322412132334134411344431422421,1,399569,26697,-11.998602013113755,-12.488150172415532,6,0
322412132334134411344431422421,1,35772,317393,2.4042585191227444,9.129192767277846,6,0
322412132334134411344431422421,1,375614,154132,10.666419274042147,-16.18563255225715,6,0
322412132334134411344431422421,1,45684,370172,-8.962179234251698,-2.2019371590028287,6,0
321231214413142114342424422242,1,126996,175508,-5.286693141255674,9.758985596530097,6,0
321231214413142114342424422242,1,219802,354163,-9.641672023868697,11.686868082332833,6,0
423312422313332112213231342244,1,365722,383082,5.750841988498944,-0.5104290068455289,6,0
423312422313332112213231342244,1,61653,416409,-2.065932874672792,-1.4513380826204119,6,0
343344221342221224141122114122,1,15664,423312,20.401748943758957,-1.6710915200005207,6,0
343344221342221224141122114122,1,197870,282570,25.35624657889174,-12.551627153422132,6,0
423213322331344112234421111341,1,249842,128342,10.800003947997029,-8.946690030785911,6,0
423213322331344112234421111341,1,87163,356307,13.32147386650677,-10.861621433329121,6,0
423213322331344112234421111341,1,77780,114098,11.003146181572102,-7.350389894370864,6,0
423213322331344112234421111341,1,128651,127904,24.17006883862312,-0.4194342181180736,6,0
123422341123232323233111241132,1,133328,294459,15.66880071208611,-14.088957174948296,6,0
123422341123232323233111241132,1,138173,404512,22.986412019056438,11.382684869188466,6,0
123422341123232323233111241132,1,116237,53275,24.722003801980783,1.8053320891064302,6,0
123422341123232323233111241132,1,330046,219752,23.558129437270505,-3.187125444755051,6,0
423312422313332112213231342244,1,19946,91283,-4.737350838627281,-9.71853918095916,6,0
423312422313332112213231342244,1,70133,106988,3.7843492448751515,-18.414115373650567,6,0
423312422313332112213231343244,1,249550,168421,-22.754665265096193,18.015474623180477,6,0
423312422313332112213231343244,1,139069,18417,-27.36616065752488,1.7849374968591103,6,0
123422341123232323233111241132,1,40050,28223,-5.239773037995665,-20.00483842226405,6,0
123422341123232323233111241132,1,37892,11329,18.205782269625097,-2.9642706927734834,6,0
2123422341123232323233111241132,1,358557,178553,2.057053877925089,-16.479383374386174,6,0
123422341123232323233111241132,1,164056,288273,26.32433862069157,8.196457222216345,6,0
423111112342214342331143431211,1,197675,190120,16.86648574559406,9.012667898413559,6,0
322412132334134411344431422421,1,166396,254570,21.24274699520828,-9.03391181764956,6,0
322412132334134411344431422421,1,186010,282461,14.700605900660829,12.845276029053077,6,0
322412132334134411344431422421,1,26025,395310,0.9614674513040606,21.350724205573844,6,0
321231214413142144342424422242,1,338618,128761,-0.6196931837232873,20.850813230618755,6,0
321231214413142144342424422242,1,102306,1502,-21.58316282699877,-0.31364358744772664,6,0
321231214413142114342424422242,1,110048,95696,8.698509030781947,-23.611765640509578,6,0
321231214413142114342424422242,1,76156,281993,-13.549398536525008,-25.869280028076968,6,0
321231214413142114342424422242,1,60159,197624,14.786255888886997,11.640016606029658,6,0
321231214413142114342424422242,1,274731,393102,17.651360279818945,10.696671628408502,6,0
321231214413142114342424422242,1,249146,160910,-1.8107008558555155,-18.70637318282295,6,0
321231214413142114342424422242,1,231714,258067,-1.6096481848490904,-0.9329253654821661,6,0
423312422313332112213231342244,1,125747,59785,6.834897477169792,26.18203491574361,6,0
4213312422313332112213231342244,1,334713,18714,-8.816734975557848,-12.863261339914166,6,0
232232321422223123342333331342,1,386449,83213,-22.52416326119771,-10.02753132504945,6,0
232232321422223123342333331342,1,64791,374187,10.755867562147179,15.690450582646582,6,0
423213322331344112234421111341,1,86298,166258,-21.246954704710205,-0.17907412455943858,6,0
423213322331344112234421111341,1,332151,84193,3.7819660454130677,-18.960843833126045,6,0
232434233234414132314114342314,1,235551,53736,7.62883232973633,19.773190104618028,6,0
232434233234414132314114342314,1,378780,415447,6.2165184817273085,19.707807926470046,6,0
232434233234414132314114342314,1,28034,212733,13.689932168429014,1.7678904698504345,6,0
232434233234414132314114342314,1,158301,329342,14.738148209329617,-19.27373210206042,6,0
232434233234414132314114342314,1,47098,278325,-27.863125947913854,1.5982438004601804,6,0
232434233234414132314114342314,1,143831,317972,13.486823850570032,-14.691647260907546,6,0
23243423323441412314114342314,1,128929,69465,-20.675682804270917,-11.282861098101694,6,0
23243423323441412314114342314,1,359898,388166,-16.72236860697317,-2.9607391001307968,6,0
232434233234414132314114342314,1,253175,2056,-6.233542144582501,27.386317106966803,6,0
232434233234414132314114342314,1,403614,394903,27.14157695891914,-9.608113820427134,6,0
424213144431441314413234312213,1,335703,325894,-8.924373616845905,-3.056928667263705,6,0
123422341123232323233111241132,1,413445,2371,-12.974034210997427,23.757310730062354,6,0
123422341123232323233111241132,1,407564,171846,1.5060560504614178,-28.851637637752,6,0
123422341123232323233111241132,1,12062,48258,1.2590618763595454,8.665763667871223,6,0
123422341123232323233111241132,1,135694,396682,18.931622044969085,-0.39598698231170554,6,0
422244113314432343312324314211,1,341860,379130,19.42083277240413,10.22742068509952,6,0
422244113314432343312324314211,1,161247,380151,-15.658080524285152,21.27959090053676,6,0
422244113314432343312324314211,1,282063,68015,-4.320857958284079,22.25474210364447,6,0
343344221342221224141122114122,1,59723,70081,1.4863571679694225,27.12407327860811,6,0
343344221342221224141122114122,1,169009,61090,-8.873778513472304,-7.390350681296311,6,0
423111112342214342331143431211,1,237500,421656,-6.160877488296507,27.71701751352545,6,0
423111112342214342331143431211,1,89211,77222,5.145565340103549,-2.8463479675318846,6,0
424213144431441314413234312213,1,248358,22028,-1.2514515225128253,-24.066349279718295,6,0
123422341123232323233111241132,1,290388,231655,21.570287228433617,-11.290980699170586,6,0
123422341123232323233111241132,1,331724,69424,25.330043596439392,9.689430889530348,6,0
321231214413142114342424422242,1,114224,275735,13.098408620282324,10.763440974673747,6,0
32231214413142114342424422242,1,221292,67120,23.87776136486093,16.689742092914326,6,0
423312422313332112213231342244,1,396722,204651,29.037261273508324,-2.43294069744525,6,0
343344221342221224141122114122,1,100860,170137,5.226601511574232,22.74504468297491,6,0
343344221342221224141122114122,1,96198,45943,14.536744071936356,15.132422729105622,6,0
423111112342214342331143431211,1,214595,153646,-28.10887033518289,-10.368162396814377,6,0
423111112342214342331143431211,1,195303,5472,6.894406681538103,15.298625023879733,6,0
123422341123232323233111241132,1,383630,45580,-9.575664540340485,23.586617613185037,6,0
123422341123232323233111241132,1,83959,111992,5.982506064460678,-19.790437016872197,6,0
423312422313332112213231342244,1,49700,285032,-18.14065147272674,-8.466950310530718,6,0
423312422313332112213331342244,1,303652,353892,-21.38185374173558,1.208193424156053,6,0
422244113314432343312324334211,1,115564,13273,8.492753222852379,21.46162937614139,6,0
422244113314432343312324334211,1,121194,347593,19.292174344211258,-9.58862183893494,6,0
434144143341113443234241414313,1,5828,221208,0.7255457753557993,15.360794090819109,6,0
434144143341113443234241414313,1,36855,341595,-27.649085296217176,-1.7908077430910188,6,0
434144143341113443234241414313,1,355979,82627,25.17740551693394,-1.9484220408489257,6,0
434144143341113443234241414313,1,355234,301969,24.101361303042967,-2.2297364164700495,6,0
4341441433411134432342411414313,1,418714,235410,-3.1533639963181934,23.356237456985525,6,0
434144143341113443234241414313,1,135400,346259,-4.640027363070524,-27.033713876418872,6,0
434144143341113443234241414313,1,403579,340274,9.075365204637853,-6.489088254542366,6,0
434144143341113443234241414313,1,368342,49473,-9.55382680409281,-2.888997354335639,6,0
434144143341113443234241414313,1,224435,69968,13.701202938307148,1.2793086751348275,6,0
434144143341113443234241414313,1,219113,347005,5.8131766879373,5.377300304013214,6,0
434144143341113443234241414313,1,153710,227937,-15.939106993284042,19.456521686864903,6,0
434144143341113443234241414313,1,95661,413990,1.824575650505023,-4.638514475909263,6,0
434144143341113443234241414313,1,308919,354127,-12.030559014524037,19.910620458823615,6,0
434144143341113443234241414313,1,30294,335456,-9.185212730037014,-14.542802162644929,6,0
434244143341113443234241414313,1,108311,9626,-21.98470538368309,-4.350454416575662,6,0
434144143341113443234241414313,1,106069,176210,-11.483291717866825,-12.62858392071314,6,0
4341441143341113443234241414313,1,326133,216052,14.630962964233177,18.007872208759565,6,0
434144143341113443233241414313,1,175614,384493,-17.729355967842018,22.05212306016213,6,0
434144143341113443234241414313,1,171965,293138,4.686863664793445,10.499517497541577,6,0
331221412243244312244323232134,1,209874,205587,-22.59335435664926,0.42496536713250155,6,0
331221412243244312244323232134,1,324216,374400,2.447401481027888,18.152216480018506,6,0
331221412243244312244323232134,1,357737,44538,-1.8544881141009637,4.703570335588837,6,0
331221412243244312244323232134,1,372645,308379,-24.233059818051053,-16.193262003412983,6,0
331221412243244312244323232134,1,119322,117401,9.533433632546814,10.120096435042136,6,0
331221412243244312244323232134,1,132781,226007,8.095374664027576,3.5281452618201143,6,0
331221412243244312244323232134,1,228426,214985,-25.895562821874574,6.570229461488371,6,0
331221412243244312244323232134,1,362785,249071,8.196527401427536,-10.338075998275086,6,0
331221412243244312244323232134,1,356625,130208,0.00660699244314391,4.300988286690223,6,0
331221412243244312244323232134,1,399409,127897,9.494586234083007,25.994886136526308,6,0
331221412243244312244323232134,1,127691,324092,4.6877949889936925,-6.8487996910280105,6,0
331221412243244312244323232134,1,88589,330720,9.324007107971251,24.07412323492007,6,0
331221412243244312244323232134,1,292109,251588,2.617979117038296,-11.14811189454808,6,0
331221412243244312244323232134,1,399076,280097,-0.6130988558464312,9.227816966535498,6,0
331221412243244314244323232134,1,87374,220608,-10.091367310521852,-10.104883155814282,6,0
232442243224411322312242311333,1,388757,223409,14.977241883548553,-13.695326214116337,6,0
232442243224411322312242311333,1,352399,110871,-4.33215191332849,-26.18466238692344,6,0
232442243224411322312242311333,1,44857,90571,-6.909284753704407,-2.0160844618991582,6,0
2324422432244113223312242311333,1,123018,368952,18.18859825112499,-2.002353433975274,6,0
2324422143224411322312242311333,1,283068,64764,7.312904603069593,7.677506650712716,6,0
232442243224411322312242311333,1,174890,192463,6.871044882641953,2.001664507396014,6,0
232442243224411322312242311333,1,122631,119290,7.396689382864921,-4.464005484729067,6,0
232442243224411322312242311333,1,61739,16034,-8.772867661883271,-27.470297359455667,6,0
232442243224411322312242311333,1,247469,100656,-11.169340676043154,-10.693269651084945,6,0
232442243224411322312242311333,1,227204,187729,-23.323865616841818,1.6151818246549259,6,0
423211321112144112114234411333,1,137375,316307,-13.129430966666105,18.613196850211,6,0
423211321112144112114234411333,1,288350,130626,4.041986422266585,5.921425619559174,6,0
423211321112144112114234411333,1,131850,293816,-21.08783459720095,3.205493732555872,6,0
423211321112144112114234411333,1,142822,5000,-16.47572279800678,-1.4219685048820603,6,0
423211321112144112114234411333,1,342334,313462,11.476940911451091,12.3318630929695,6,0
423211321112144112114234411333,1,356516,326123,-22.093583999040717,-2.774076149769292,6,0
42321132111214411211423441333,1,400189,254794,21.435979223655494,-6.774405200272097,6,0
423211321112144112114234411333,1,108533,258096,27.535742295456004,-4.635454249895947,6,0
423211321112144112114234411333,1,190673,276576,19.193093631630898,-9.026773582111048,6,0
423211321112144112114234411333,1,237438,359338,-0.36246215604405524,13.921873404722822,6,0
423211321112144112114234411333,1,281002,363399,12.07753956929797,-26.631527821531215,6,0
441132432122144214433323441424,1,349497,121981,-14.582247382878553,-19.82991928225833,6,0
441132432122144214433323441424,1,142881,81978,-21.116908888108444,-17.975505714167706,6,0
441132432122144214433323441424,1,147019,319533,9.314707908997223,-7.7465622263925935,6,0
441132432122144214433323441424,1,333531,184288,-1.9422047366148534,-3.458197643447008,6,0
441132432122144214433323441424,1,280917,248951,1.3375727341585422,-4.55136816720299,6,0
441132432122144214433323441424,1,321818,141246,-19.779015587116774,-17.849294939197176,6,0
441132432122144214433323441424,1,5924,396418,25.48748881450428,-0.39134219714032725,6,0
441132432122144214433323441424,1,299386,368671,-14.479416042715354,2.8038444949541583,6,0
441132432122144214433323441424,1,23065,294886,6.90112956731902,5.458939310445145,6,0
441132432122144214433323441424,1,379712,57599,3.735276507882078,22.595391599506165,6,0
441132432122144214433323441424,1,130516,59204,-12.969379693052737,-15.819776388777449,6,0
441132432122144214433323441424,1,167891,4381,11.295425544709438,-6.276880858769177,6,0
441132432122144214433323441424,1,396307,209078,-8.444379377510606,0.19434524447719284,6,0
441132432122144214433323441424,1,371781,101888,-26.002521639292237,1.5903952367712497,6,0
441132432122144214433323441424,1,223869,417458,-9.124615803560285,1.6817466104488659,6,0
441132432122144214433323441421,1,244648,157445,6.730160892739165,17.25814947309803,6,0
44113243212214421443323441424,1,386416,341753,-15.619247904121346,23.998650167669496,6,0
441132432122144214433323441424,1,2767,181877,-5.70311805050345,-6.448097058555105,6,0
422432424221131113233134221213,1,289799,264951,15.404981517436816,4.658567083668264,6,0
422432424221131113233134221213,1,203659,421663,4.228539313546125,11.750352500263453,6,0
422432424221131113233134221213,1,385909,323417,12.302530427104411,6.351175069647844,6,0
422432424221131113233134221213,1,48593,297673,13.61773952518456,12.02896945551528,6,0
422432424221131113233134221213,1,13961,115046,-15.671737548504435,0.12862108316280793,6,0
422432424221131113233134221213,1,32696,38117,-23.54048862240516,-1.1680627226746911,6,0
422432424221131113233134221213,1,360141,79350,-15.824311906641036,8.618360793432204,6,0
422432424221131113233134221213,1,136473,51859,8.652881334748054,0.1849413726929702,6,0
422432424221131113233134221213,1,417193,37620,-16.124320834877086,-23.442921148046192,6,0
422432424221131113233134221213,1,319284,99217,-14.634941997487013,-15.446073647818315,6,0
422432424221131113233134221213,1,377465,200240,-25.21513472356266,-4.8730878314489345,6,0
422432424221131113233134221213,1,109847,275091,19.320187273474033,11.153892205326695,6,0
422431424221131113233134221213,1,74673,399625,16.478181098131845,-10.418445313310109,6,0
422431424221131113233134221213,1,292656,170353,-0.4140333013523595,2.7123399654152602,6,0
4224314241221131113233134221213,1,345007,295469,-15.737257997749095,-19.77155421572832,6,0
422432424221131113233134221213,1,389791,392078,-16.914794737340006,-2.900566001299528,6,0
422432424221131113233134221213,1,221171,207345,-8.333306946004036,-4.482061761935098,6,0
144244231432422231332432344233,1,17116,122088,-0.8728182473657973,-28.615207278398703,6,0
144244231432412231332432344233,1,341680,320216,-13.914281655067205,10.752229535355095,6,0
14424423143241223133232344233,1,314846,88166,1.9889578290862735,-28.850982520650817,6,0
144244231432412231332432344233,1,295697,179404,4.201641273805472,21.790122590035843,6,0
144244231432412231332432344233,1,29660,179695,-3.7762743393027933,-4.398291860998707,6,0
144244231432412231332432344233,1,189951,302896,10.01306165813511,-24.853855943593924,6,0
144244231432412231332432344233,1,361508,403647,14.08566923304107,12.176655167428725,6,0
144244231432412231332432344233,1,217879,410658,-1.7906614208622098,-0.1188027606286729,6,0
144244231432412231332432344233,1,215750,184786,8.475042680801387,-19.117013562019174,6,0
144244231432412231332432344233,1,93023,219807,-7.906165318821135,-13.227825702764852,6,0
144244231432412231332432344233,1,200142,368913,-7.742942365840237,9.747083584730046,6,0
241142141333144213322334133122,1,376091,294254,-16.038619328020463,-6.381135804405871,6,0
241142141333144213322334133122,1,202423,315723,14.476408589564373,-14.846034889277256,6,0
241142141333144213322334133122,1,30856,59205,-22.80595274037827,4.551618338369079,6,0
241142141333144213322334133122,1,90271,187882,19.63382946758515,7.097834331577302,6,0
244142141333144213322334133122,1,229667,103457,-18.504184305307895,-13.535537613569726,6,0
241142141333144213322334133122,1,363629,7462,-9.531342024259855,14.331823737437212,6,0
241142141333144213322334133122,1,308768,195507,-15.428267527123284,2.935204368569554,6,0
241142141333144213322334133122,1,22527,154265,-2.745463100410504,-3.291761364393023,6,0
2411421413331442213322334133122,1,239476,320602,-17.039612959517815,-8.584889960369637,6,0
241142141333144213322334133122,1,143020,154067,-8.819831660302313,-18.708167337896256,6,0
241142141333144213322334133122,1,147012,167732,4.586335955965334,-17.958589474442174,6,0
241142141333144213322334133122,1,94615,240036,-22.66463463399435,-9.523803339585465,6,0
241142141333144213322334133122,1,227049,108508,-1.677176517578698,-26.135280704265952,6,0
241142141333144213322334133122,1,239924,35371,11.28849526380197,-9.399682557392591,6,0
241142141333144213322334133122,1,343128,292995,-14.41657285255747,-1.412289267452337,6,0
24114214133314213322334133122,1,157823,402275,-19.17425509413821,13.581305968825063,6,0
241142141333144213322334133122,1,45030,365901,-5.008629964208124,13.9071626817179,6,0
241142141333144213322334133122,1,352745,97943,-5.080791224290536,-2.34079870471615,6,0
424211344441114432144444123444,1,247237,155481,18.245813238607557,-9.95836903101728,6,0
241142141333144213322334133122,1,281546,136174,-17.14332418468686,15.023038106713011,6,0
241142141333144213322334133122,1,393707,315564,20.491876465106195,19.08314250555744,6,0
234142412334432224112111132312,1,292531,210918,4.5937948527459245,12.913577904615542,6,0
234142412334432224112111132312,1,348020,403385,-29.89140380851786,1.2970934654145663,6,0
234142412334432224112111132312,1,259419,278287,-11.120427802777046,7.769085297106173,6,0
234142412334432224112111132312,1,272905,201279,8.24699615352335,-14.380399517697526,6,0
234142412334432224112111132312,1,105308,80665,15.26132028956861,-18.527101889311563,6,0
234142412334432224112111132312,1,128391,258015,-8.853391984518895,-3.436235369434437,6,0
234142412334432224112111132312,1,367211,78410,-1.2273968181726798,19.007994678994553,6,0
234142412334432224112111132312,1,169693,68585,3.583264383626297,-1.4952779522998365,6,0
234142412334432224112111132312,1,35437,149083,-24.285045260634337,8.311912511027394,6,0
234142412334432224112111132312,1,133579,59500,-16.147825202648512,5.675103555293404,6,0
234142412334432224112111132312,1,170955,292120,-2.8080672563392186,-8.511857810276778,6,0
424211344441114432144444123443,1,181034,316530,4.495392529603815,-7.641177346275257,6,0
424211344441114432144444123443,1,138936,19319,-12.563692745095771,0.5346406337927068,6,0
424211344441114432144444123443,1,91730,4967,-13.414012943004709,12.435953031261944,6,0
424211344441114432144444123443,1,410842,364094,-15.431411971237226,2.876642592322779,6,0
424211344441114432144444123444,1,347522,135776,6.545264095660617,16.92047278130534,6,0
424211344441114432144144123444,1,370524,238523,1.9331608591487401,17.413174937974954,6,0
424211344441114432144444123444,1,60502,354417,-0.7379750271984414,11.100587913106061,6,0
424211344441114432144444123444,1,40850,78008,-10.766764436253817,-20.217633170620626,6,0
424211344441114432144444123444,1,215281,387719,-11.43629726619404,18.154706504999506,6,0
424211344441114432144444123444,1,217445,141828,3.797246706012425,-15.51079230561878,6,0
424211344441114432144444123444,1,202275,58066,-22.77066964737074,16.655812988639113,6,0
424211344441114432144444123444,1,134917,316949,3.672430718977363,9.631155993459576,6,0
424211344441114432144444123444,1,369296,149356,16.297132030603578,-8.10003661575173,6,0
42421134441114432144444123444,1,45998,97138,-24.651583317541657,14.19703370157241,6,0
424211344441114432144444123444,1,247072,100886,2.4780142446301503,6.218691243715176,6,0
424211344441114432144444123444,1,359799,210193,8.194346903793862,3.3543331610888845,6,0
424211344441114432144444123444,1,390739,77795,-25.182585165172966,-6.084082917948607,6,0
4242113444411144321444444123444,1,109280,220391,1.5643535440221472,-23.044001375332947,6,0
424211344441114432144444123444,1,235508,239383,-9.74601480801181,11.203584749643076,6,0
432411123221233441331423223114,1,398163,372622,-2.4252777373992314,10.040780258421497,6,0
432411123221233441331424223114,1,341243,404029,-9.520569373978816,11.817606111857677,6,0
432411123221233441331423223114,1,111162,39540,26.77340030540466,12.922998507071457,6,0
432411123221233441331423223114,1,242254,200144,3.28454509223879,-3.427839800887641,6,0
432411123221233441331423223114,1,263330,142451,-8.178446626651853,-19.023877388349668,6,0
432411123221233441331423223114,1,284883,92011,15.21420646901775,-18.7248063748376,6,0
432411123221233441331423223114,1,243225,393,16.18662388548823,-5.265459444119016,6,0
432411123221233441331423223114,1,176583,394749,7.180085027780117,29.1096571287457,6,0
432411123221233441331423223114,1,287420,190620,-2.8650868731587025,-17.97482321526371,6,0
43241112322123344133142322114,1,203338,245376,-10.817229702824543,-12.727544390446445,6,0
432411123221233441331423223114,1,232096,219151,-24.54780995720824,-6.575088621359937,6,0
432411123221233441331423223114,1,183933,407475,10.246768293044411,-8.80027433062299,6,0
432411123221233441331423223114,1,290741,403506,-11.709311714235369,-20.340948548643933,6,0
313444322211313231312132121313,1,254693,367696,-0.44776214179830875,4.3647497618803355,6,0
313444322211313231312132121313,1,82956,383018,-5.5158113600842915,6.688470445296322,6,0
313444322211313231312132121313,1,14523,147407,-21.02020554837431,0.5562624111664857,6,0
3134443222211313231312132121313,1,411675,38908,-4.639548477814998,-10.198769461683108,6,0
3134443222211313231312132121313,1,384811,99535,4.098859413586279,-19.878815309064592,6,0
3134443222211313231312132121313,1,116202,194537,23.363985390303785,-13.913761631245263,6,0
313444322211313231312132121313,1,300218,126326,0.2863412125577416,-6.006037785260942,6,0
313444322211313231312132121313,1,120704,220123,9.961108346411319,5.402959164070137,6,0
313444322211313231312132121313,1,187576,323587,-24.882887268717845,8.761735627327312,6,0
313444322211313231312132121313,1,62927,35547,-19.728318573149753,-19.655379317442,6,0
31344432221131323131213212313,1,297723,57260,-8.307272629225903,0.46689101239908776,6,0
313444322211313231312132121313,1,58863,185590,-0.1099022054655074,-17.097036847895716,6,0
343242233342412432142112214431,1,401910,317150,-4.460349635848718,15.43781283515196,6,0
343242231342412432142112214431,1,178596,370431,21.270724374388582,17.67980436891285,6,0
343242231342412432142112214431,1,257220,157348,1.2082847015524756,-18.705007638408638,6,0
343242231342412432142112214431,1,374697,59400,12.928364060364947,-4.390455521685355,6,0
343242231342412432142112214431,1,20072,345346,24.749340378904527,16.02023125152412,6,0
343242231342412432142112214431,1,199044,405321,9.211924910195728,21.681365944474877,6,0
343242231342412432142112214431,1,102998,162871,11.774135178281375,-19.05212374510663,6,0
343242231342412432142112214431,1,20960,204613,-21.790288999604954,-10.404888638314262,6,0
124313424412223213344321443221,1,156429,16663,-20.94375082381003,-15.645171433697096,6,0
124313424412223213344321443221,1,213516,276931,-23.63024217714397,-5.706921178517843,6,0
124313424412223213344321443221,1,64869,58117,-18.75584478745509,9.802180423813404,6,0
124313424412223213344321443221,1,374178,231737,13.447193155303987,9.612610863160269,6,0
124313424412223213344321443221,1,11713,241246,-2.966390996477722,8.429738458304294,6,0
124313424412223213344321443221,1,244714,90730,-11.063308402982724,-3.4717657616557154,6,0
124313424412223213344321443221,1,93627,202201,13.824076992691685,-18.22263984516991,6,0
124313424412223213344321443221,1,358196,237405,-12.930922690230446,4.811124285868246,6,0
124313424412223213344321443221,1,404379,204804,8.134182076358634,26.222569223558,6,0
124313424412223213344321443221,1,176428,124855,-4.407247584791309,-0.8678454192405538,6,0
124313424412223213344321443221,1,124295,358244,18.147830787828468,-17.108243730278044,6,0
124313424412223213344321443221,1,236438,294828,15.588239452949937,-20.203322811382574,6,0
124313424412223213344321443221,1,166445,330540,-3.331685746877766,-15.162643981280029,6,0
124313424412223213344321443221,1,51835,139217,-27.504123713584452,10.49205826109197,6,0
124313424412223213344321443221,1,351999,7441,17.3923449937988,-4.712693197581709,6,0
124313424412223213344321443221,1,379015,335583,-2.7982734902179707,7.656363771314146,6,0
124313424412223213344321443221,1,414109,119110,0.28923802960492534,-21.434698437144256,6,0
213122413112112212414231431142,1,162471,21111,-14.111372830119068,21.91808955155524,6,0
213122413112112212414231431142,1,45765,191498,17.58603345765523,6.107844610417939,6,0
213122413112112212414231431142,1,65964,33018,22.93224245806335,-12.311399539314975,6,0
213122413112112212414231431142,1,104914,394305,-19.859211925194394,-2.4871408555545895,6,0
213122413112112212414231431142,1,289028,201369,-14.387634331567616,-12.7020511388778,6,0
213122413112112212414231431142,1,208057,54063,11.8642439598486,-19.700884365000665,6,0
213122413112112212414231431142,1,182569,136583,-8.925289341096041,21.279976925739323,6,0
213122413112112212414231431142,1,250080,183412,-5.283990641735188,22.544185176535983,6,0
213122413112112212414231431142,1,269935,212929,-15.65081101099818,0.19902762480183608,6,0
213122413112112212414231431142,1,311110,130522,9.179667066369303,15.583741896606552,6,0
213122413112112212414231431142,1,261943,284976,-1.7581182340394899,-8.09895563560955,6,0
213122413112112212414231431142,1,155115,47736,-22.929948188790295,-0.32970937737093786,6,0
213122413112112212414231431142,1,215630,305959,-24.06712379763458,-7.9670371408377925,6,0
213122413112112212414231431142,1,114118,360298,-13.820475554241348,20.92399677229055,6,0
4232113211121441121134234411333,1,136544,114629,-18.55631041157675,4.528951502243403,6,0
423211321112144112114234411333,1,335891,28858,9.531190724796277,19.086103015233924,6,0
423211321112144112114234411333,1,282587,171985,14.667210171626103,-15.389734780596084,6,0
423211321112144112114234411333,1,42608,34853,13.306853479114913,-4.593036934947022,6,0
423211321112144112114234411333,1,396564,383621,3.0502495505356273,-6.283022453437561,6,0
423211321112144112114234411333,1,294329,225218,12.72079111574241,-9.176630826883647,6,0
423211321112144112114234411333,1,36013,237016,18.780441683538214,-16.609847683783208,6,0
423211321312144112114234411333,1,108855,98344,8.112282625915896,-9.040711189462833,6,0
343242231342412432142112214431,1,369050,285340,-1.842828238501583,-18.194242669995397,6,0
343242231342412432142112214431,1,384367,353798,7.416284512994608,15.130278667339663,6,0
343242231342412432142112214431,1,220658,67492,-1.881762167460751,5.991442476739539,6,0
343242231342412432142112214431,1,188797,179130,0.6166627469817664,-13.7232873019654,6,0
34324223134241243214112214431,1,52666,58850,5.755212329040636,-3.680527648119443,6,0
34324223134241243214112214431,1,25322,249010,13.166757257339025,21.089355948020724,6,0
213122413112112212412231431142,1,222661,282213,-3.104159324763136,-26.79856276854351,6,0
213122413112112212414231431142,1,284517,227927,4.3631848995564875,8.123719300287481,6,0
2131322413112112212414231431142,1,270402,289288,-28.797256820513056,2.8311889263743897,6,0
2131322413112112212414231431142,1,136840,152633,28.628222676485606,8.432550328022378,6,0
21322413112112212414231431142,1,223494,238200,-26.399989698216682,0.22807864521393453,6,0
213122413112112212414231431142,1,211303,393072,-14.809170824451186,-12.512408274429038,6,0
213122413112112212414231431142,1,51434,347998,-14.913094983038787,-21.991771165249087,6,0
2131224131121122124142314331142,1,417144,106904,1.030952238567894,20.198251548365075,6,0
213122413112112212414231431142,1,332711,275600,-15.442096482889902,-17.718084992080286,6,0
213122413112112212414231431142,1,53292,414408,-12.808852720463989,-19.61044399789665,6,0
213122413112112212414231431142,1,8097,235300,-10.742422883630972,-17.976163659513464,6,0
213122413112112212414231431142,1,330033,360293,2.506881669343806,-19.215027952896094,6,0
331221412243244312244323232434,1,304558,44692,4.5187960141874,0.5696571431494687,6,0
331221412243244312244323232434,1,280379,127425,-3.6953378287605343,-17.41457282096913,6,0
33122142243244312244323232434,1,272318,151378,-13.715200066985322,-2.2133245774371826,6,0
232442243224411322312242311333,1,180448,196737,-12.211245241223347,-16.82568757569744,6,0
232442243224411322312242311333,1,268747,222533,6.514136921100805,-13.25756157708242,6,0
232442243224411322312242311333,1,77399,422159,-4.299398796894575,-22.730623866304736,6,0
232441243224411322312242311333,1,329218,290593,-6.404173187507926,-11.880378818306514,6,0
232442243224411322312242311333,1,399915,20876,14.294321307277299,-21.331975454947866,6,0
232442243224411322312242311333,1,169368,307661,-7.747958779060974,-27.60796350865832,6,0
232442243224411322312242311333,1,278324,360162,-25.640681688854606,9.397380866492057,6,0
232442243224411322312242311333,1,347735,338280,-7.38899687582703,-11.576954503711024,6,0
441132432122144214433323441424,1,423072,244487,-3.2653160433128927,5.151436285501142,6,0
441132432122144214433323441424,1,13136,68279,8.97028626174316,-0.9807287976055934,6,0
441132432122144214433323441424,1,98956,113185,3.8933384391858294,22.235761227198022,6,0
441132432122144214433323441424,1,202007,345016,10.743440657971734,15.638996456574393,6,0
144244231432412231332432344233,1,31315,183208,28.841836070745064,0.7720186301620725,6,0
144244231432412231332432344233,1,361787,277873,-16.06463379604278,17.986887930062736,6,0
144244231432412231332432344233,1,309396,61638,6.517284553552412,-3.7109857165681026,6,0
144244231432412231332432344233,1,289406,358148,-2.807530243305345,27.298311512629958,6,0
144244231432412231332432344233,1,149228,327703,-8.06056510511736,-1.1784393568172942,6,0
144244231432412231332432344233,1,231441,108732,5.744703113089002,12.315551999621553,6,0
234142412334432224112111132312,1,266869,104248,-4.749106278145142,9.383918553261676,6,0
234142412334432224112111132312,1,366458,360184,11.080314143829924,-10.642117867056088,6,0
234142412334432224112111132312,1,156579,239166,-10.492926258193508,16.627061272260754,6,0
234142412334432224112111132312,1,55423,49664,-17.73632061259867,11.273924060694023,6,0
234142412334432224112111132312,1,121370,104268,0.11562154051797018,8.935933326551798,6,0
234142412334432224112111132312,1,64529,240091,-0.051347925214144795,-15.506758786496855,6,0
234142412334432224112111132312,1,298982,73099,13.955655319314927,-14.895842708318396,6,0
234142412334432224112111132312,1,364217,187070,-23.0395337347581,0.2288599644443788,6,0
432411123221233441331423223114,1,261633,340726,-20.34763363932452,-3.3734470676120156,6,0
432411123221233441331423223114,1,305122,106104,6.485558686863213,1.6279918932450952,6,0
432411123221233441331423223114,1,55271,220748,23.703103142646718,-17.389249885799074,6,0
432411123221233441331423223114,1,341078,194343,15.441952143134008,-18.310314342378867,6,0
432411123221233441331423223114,1,229498,211796,11.02530849538294,-23.134616811216862,6,0
432411123221233441331423223114,1,105132,246972,9.378458124546299,-9.694121250016401,6,0
432411123221233441331423223114,1,354419,303264,-17.721913235472826,-1.896719017661586,6,0
343242231342412432142112214431,1,196661,243063,10.203782246468839,-4.157465805866834,6,0
343242231342412432142112214431,1,261072,241168,-1.8303260146096088,2.873709643816493,6,0
343242231342412432142112214431,1,333285,329102,4.239305193972613,-21.995141496881544,6,0
343242231342412432142112214431,1,276730,383701,-14.152193673260598,-16.44432291747957,6,0
434144143341113443234241414313,1,306837,49253,-19.251693126290075,14.467355753698499,6,0
434144143341113443234241414313,1,235674,168890,-17.604780649874872,11.222176315770323,6,0
434144143341113443234241414313,1,381965,146622,-23.208622521884532,-8.604210164558134,6,0
232442243224411322312242311333,1,25367,107828,-26.15545548196328,12.34915901699904,6,0
232442243224411322312242311333,1,187912,304302,-27.41780819596478,8.691373122575731,6,0
232442243224411322312242311333,1,45150,319345,-4.717953630945361,20.759119358795125,6,0
232442243224411322312242311333,1,213517,115527,17.034612094549836,17.0861838778088,6,0
423211321112144112114234411333,1,272601,111259,11.081190918478391,5.530502364701627,6,0
422432424221131113233134221213,1,204785,35874,27.188589194477668,-12.532917801502512,6,0
422432424221131113233134221213,1,98515,214273,-1.3566466913416393,20.86386936623611,6,0
144244231432412231332432344233,1,63180,315631,9.261122724080877,8.683483424993621,6,0
1442442314324122313324321344233,1,10935,35796,16.501525637032884,2.599440282920408,6,0
144244231432412231332432344233,1,369039,273093,3.410554127951965,5.556708638512139,6,0
144244231432412231332432344233,1,156874,140137,-1.7124654361278022,9.484851722864802,6,0
241142141333144213322334133122,1,101330,250637,-11.69607822578594,4.591793351948863,6,0
241142141333144213322334133122,1,122847,2844,22.677454298140958,16.15581159467579,6,0
241142141333144213322334133122,1,282651,247865,2.2669782268492478,-24.59496837996826,6,0
241142141333144213322334133122,1,252169,250031,6.619523180663153,-27.963077919615188,6,0
424211344441114432144444123444,1,371930,203933,-9.241230525401514,19.6466989685859,6,0
424211344441114432144444123444,1,225179,413875,-1.155269869735161,23.860777452645653,6,0
424211344441114432144444123444,1,422861,73593,15.980060406558835,15.879637371404083,6,0
424211344441114432144444123444,1,239886,284360,-9.20039885564513,15.165553771907735,6,0
424211344441114432144444123444,1,14419,32751,7.424517528372817,12.367641332605048,6,0
424211344441114432144444123444,1,282299,401665,-9.138017167364925,10.18216318087284,6,0
313444322211313231312132121313,1,333861,202333,0.4083712644516105,29.875255423601065,6,0
313444322211313231312132121313,1,278473,276331,14.736232458689802,14.827293343494881,6,0
313444322211313231312132121313,1,386351,215292,-8.634240175027347,7.964607413221496,6,0
313444322211313231312132121313,1,296586,223870,4.475188737039391,9.152191989348987,6,0
422211321112144112114234411333,1,315796,338895,-13.218368112124251,-13.238905041475034,6,0
423211321112144112114234411333,1,120264,265497,28.72071632761053,-5.772456419009351,6,0
423211321112144112114234411332,1,309861,206720,7.454972773005196,-6.781840756195078,6,0
234142412334432224112111132312,1,267262,217022,-14.213369292578387,0.27024366974029623,6,0
234142412334432224112111132312,1,273217,409942,22.594893762498963,15.143790398306695,6,0
23142412334432224112111132312,1,246436,285698,15.829937292731815,-7.531473991546813,6,0
124313424412223213344321443221,1,284334,801,13.241838463039517,-8.688619035387836,6,0
124313424412223213344321443221,1,53668,376617,-19.429373040415808,3.072266473536865,6,0
124313424412223213344321443221,1,240902,45602,-20.86497461043586,-15.958876908398649,6,0
343242231341412432142112214431,1,8560,101753,20.50792044008662,-20.895210221184275,6,0
343242231342412432142112214431,1,332328,277749,5.715142734732237,-1.7295400326691208,6,0
343242231342412432142112214431,1,2257,264022,24.77674268959317,11.59658832274777,6,0
343242231342412432142112214431,1,274866,12614,14.696232893944666,22.890986905894852,6,0
331221412243244312244323232134,1,140932,386643,3.04259421051147,9.835651844024584,6,0
331221412243244312244323232134,1,264852,261837,-18.69584649208441,18.806914545806094,6,0
331221412243244312244323232134,1,415085,366300,4.252865664659092,0.445707032780002,6,0
431221412243244312244323232134,1,298961,78688,-13.529552597430467,24.87994394751972,6,0
42421134444111443214444412444,1,402874,119973,-0.25002493374548523,10.354667774389823,6,0
42421134444111443244444412444,1,168805,11812,12.227565426223137,14.08313896832925,6,0
42421134444111443214444412444,1,348652,23483,1.2703152709870489,-5.468322221876539,6,0
42421134444111443214444412444,1,10553,109112,18.08446726747664,-15.361694693639782,6,0
313444322211313231312132121313,1,56753,9599,0.9892979843717317,-1.5583780778663852,6,0
331221412243244312244323232434,1,21222,250381,14.499128105260388,-18.72008005925838,6,0
331221412243244312244323232434,1,254023,261482,23.760500061905812,17.088791830825233,6,0
124313422412223213344321443223,1,169026,21923,-5.897765006594766,0.3951731552132043,6,0
124313424412223213344321443221,1,423931,421806,2.2184697582270316,-6.13274932088436,6,0
124313424412223213344321443221,1,121048,33996,5.2208540816768725,19.205094259425387,6,0
434144143341113443234241414313,1,363139,358650,10.410875908311,-1.9038999266766432,6,0
434144143341113443234241414313,1,52745,118588,11.895427870888208,-22.316861421064846,6,0
434144143341113443234241414313,1,171397,154887,-1.2107331397599845,20.010355162406814,6,0
434144143341113443234241414313,1,299142,5642,-16.644577973239276,-18.41184540817842,6,0
331221412243244312244323232134,1,125557,15622,16.82888379984348,9.859217480766231,6,0
331221412243244312244323232134,1,47399,249325,-13.662005831575051,23.85548382200522,6,0
232442243224411322312242311333,1,92385,312729,-0.5206429211051632,1.1603168085728603,6,0
232442243224411322312242311333,1,26439,205067,8.990993091288457,-22.669137332933808,6,0
232442243224411322312242311333,1,228430,134337,3.193976943924112,-0.8541537070815851,6,0
232442243224411322312242311333,1,405388,236478,15.472619565957116,5.32861094834862,6,0
232442243224411322312242311333,1,80682,374013,13.247113406874925,-4.115647867164701,6,0
232442243224411322312242311333,1,266859,138413,-7.638939225100178,23.075439118620455,6,0
441122432122144214433323441424,1,27617,407643,15.416812710627442,8.462457221774399,6,0
422432424221131113233134221213,1,17989,292172,10.298307249045497,20.908775609035136,6,0
422432424221131113233134221213,1,262809,52529,19.296556691566472,6.4406840630577555,6,0
422432424221131113233134221213,1,418229,202531,-8.180869312604196,-23.568397599666323,6,0
422432424221131113233134221213,1,406050,41868,-17.043327638256446,-23.565503732546976,6,0
422432424221131113233134221213,1,26263,193876,1.5566044711845388,-7.551191755507076,6,0
144244231432412231332432344233,1,365240,211546,-14.138772772653875,10.673316710805116,6,0
144244231432412231332432344233,1,297072,177160,2.430310656098812,28.198606377356214,6,0
241142141333144213322334133122,1,409304,352439,-13.617427251730854,1.651428499951159,6,0
241142141333144213322334133122,1,149644,417122,10.629502449440825,-1.3553815684185444,6,0
234142412334432224112111132312,1,253318,406570,-18.779871636931077,8.704458993445195,6,0
234142412334432224112111132312,1,328881,132038,14.911692877682455,-23.612328280678994,6,0
2341424123344322241121111132312,1,151351,419294,-7.523243469167767,24.530848952789697,6,0
432411123221233441331423223114,1,408384,307811,-2.956868952959597,-8.960085569872474,6,0
432411123221233441331423223114,1,113871,304681,2.5064392265210707,-17.897429665839944,6,0
432411123221233441331423223114,1,160598,156582,-21.430218820478593,-8.005195774464447,6,0
432411123221233441331423223114,1,82518,358709,-25.25365183995431,-8.584302075772214,6,0
432411123221233441331423223114,1,114716,54083,-18.540265473542977,-10.1629481430664,6,0
432411123221233441331423223114,1,179478,257110,-3.717027634331601,16.631755359518944,6,0
432411123221233441331423223114,1,381286,18830,-8.305633588836436,15.280573495724004,6,0
313444322211313231312132121313,1,131737,157755,15.557146806158338,6.828307737483737,6,0
313444322211313231312132121313,1,211394,194443,27.787909106762346,-6.605679185913208,6,0
313444322211313231312132121313,1,322709,200615,20.750197715290913,15.603016239319599,6,0
313444322211313231312132121313,1,162125,230277,24.939501961208023,13.672924558400357,6,0
343242231342412432142112214431,1,236986,356272,6.079453998845118,-20.41261471882898,6,0
343242231342412432142112214431,1,57241,145433,8.597501027718069,-2.8668215637296592,6,0
343242231322412432142112214431,1,115488,166658,-25.447970799943985,-4.934602513132802,6,0
124313424412223213344321443221,1,159968,64220,-11.020329407764551,15.069974751281146,6,0
124313424412223213344321443221,1,19948,147419,-9.660508466702268,4.979535105057271,6,0
423211321112144112114234411333,1,32634,253230,3.05686093488809,6.486086687806999,6,0
423211321112144112114234411333,1,152512,273155,-7.223480810757573,-27.384027610346237,6,0
144244231432411231332432344233,1,266055,120066,-8.895980554148274,11.867108636602547,6,0
144244231432412231332432344233,1,38245,339948,-12.227226910887518,-15.570991999156144,6,0
424211344441114432144444123444,1,240541,375400,-11.38337374817211,19.571521502974473,6,0
424211344441114432144444123444,1,94005,346399,-16.619173891035473,-9.708752155020393,6,0
331221412243244312244323232434,1,253391,17034,21.98557965449536,9.046234651852428,6,0
434144143341113443234241414313,1,237925,120261,-18.34385168513393,-14.562688979899168,6,0
434144143341113443234241414313,1,380866,210189,2.0945474940144084,13.831546076976867,6,0
331221412243244312244323232134,1,381040,74305,21.57700302430149,15.027271249008706,6,0
331221412243244312244323232134,1,56151,284751,10.757811738237873,7.114413995518167,6,0
441132432122144214433323441424,1,231929,423277,8.531546954170071,21.310808961008473,6,0
4324111232212334413314232213114,1,388073,421359,11.044595441583054,-9.17290668323841,6,0
432411123221233441331423223114,1,208609,68333,1.9609253975295213,20.833536416722886,6,0
343242231342412432142112214431,1,298464,337957,-15.035634423802923,-13.213762880923479,6,0
343242231342412432142112214431,1,108352,110984,8.122430021399463,-13.991617049513913,6,0
423211321112144112114234411333,1,65978,418148,12.289520680135219,2.175470375473363,6,0
423211321112144112114234411333,1,205879,175611,22.384213000570636,0.4559216801056479,6,0
423211321112144112114234411333,1,186166,96381,3.8750313819988165,-2.6163157945938047,6,0
423211321112144112114234411333,1,21467,143142,10.28121166446954,8.017978899341655,6,0
144244231432412231332432344233,1,279411,137885,-0.14882113458194038,4.327144751055988,6,0
14424423143242231332432344233,1,230359,148028,18.728772070275955,21.895514676484172,6,0
423111112342214342331143431211,1,81406,285093,-3.5699747147255874,-3.2931412313834825,6,0
423111112342214342331143431211,1,78114,27681,0.20722881943502441,-14.554805265816766,6,0
322412132334134411344431422421,1,393550,58369,5.305349525378021,15.961933010998251,6,0
322412132334134411344431422421,1,155637,229547,17.525048613314667,20.491358259883306,6,0
322412132334134411344431422421,1,295282,193095,-18.189023627458404,14.308850461081047,6,0
322412132334134411344431422421,1,120457,334674,-17.68948125948068,-0.04927491514190918,6,0
322412132334134411344431422421,1,13890,81462,-5.168696024448259,22.843830058920688,6,0
321231214413142114342424422242,1,321678,412570,2.1457030058096564,-2.320850026838833,6,0
423312422313332112213231342244,1,320288,220418,-1.4872502102955982,-23.812779780941728,6,0
423312422313332112213231342244,1,250666,280790,17.317405875920656,-19.917126676700843,6,0
423312422313332112213231342244,1,15699,86846,-16.413967302187956,23.372540150829707,6,0
232232321422223123342333331342,1,233035,128635,-10.841666619428269,-22.21856522209023,6,0
343344221342221224141122114122,1,211875,241083,3.949533454408069,-2.4705432128829203,6,0
432234412342443434243324312322,1,240769,383100,-4.734992760105199,16.201839985757264,6,0
432234412342443434243324312322,1,30641,367012,-15.433252194409006,1.6644828748117235,6,0
432234412342443434243324312322,1,201441,289574,16.8486472778583,-19.28427569949087,6,0
432234412342443434243324312322,1,197098,226985,-3.2691802185454044,-2.435788509579927,6,0
432234412342443434243324312322,1,103744,395363,-11.443506858597683,-0.5674133233992281,6,0
423213322331344112234424111341,1,76772,125495,-24.584872592742705,-12.828568327347915,6,0
423213322331344112234424111341,1,392638,261402,6.879921121202395,-10.26365546854638,6,0
423213322331344112234421111341,1,342999,228505,-4.8357881646995935,-17.8034957297182,6,0
423213322331344112234421111341,1,333605,179101,10.157764884466404,21.109995780716805,6,0
232434233234414132314114342314,1,250927,143855,-5.832871188600497,2.1424352477625153,6,0
232434233234414132314114342314,1,231560,293905,20.294755395852736,-11.954158414666525,6,0
232434233234414132314114342314,1,37680,70335,16.12882603731893,-1.1085764001979945,6,0
232434233234414132314114342314,1,352906,344233,-13.55715355761441,-4.326225895934685,6,0
424213144431441314413234312213,1,279140,126885,-20.704157144454527,19.748530112811633,6,0
424213144431441314413234312213,1,114979,333440,-1.7842381952453736,3.3670675574105307,6,0
424213144431441314413234312213,1,407406,278481,-14.863523607657488,-23.20642796880652,6,0
424213144431441314413234312213,1,146925,408321,2.7210934710549677,12.197294989177227,6,0
123422341123232323233111241132,1,402474,414018,-16.78188432421852,23.9724382918986,6,0
422244113314432343312324314211,1,136732,412778,16.190215345132785,18.817994485642867,6,0
422244113314432343312324314211,1,149501,73513,8.564821435679228,22.067365895096625,6,0
42224413314432343312324314211,1,336124,323542,-0.9969928409217111,5.49376895862119,6,0
422244113314432343312324314211,1,55473,114026,13.414566506900425,-6.903074264197183,6,0
343344221342221224141122114122,1,246046,242912,25.602404224907385,11.281614259921865,6,0
32244433244112442312432443312,1,320235,399489,-2.659793866667431,18.67290270269648,6,0
322444332441124423124324143312,1,198515,246590,-5.579234914696931,6.230535990576457,6,0
32244432441124423124324143312,1,289358,27176,-16.857264596422546,7.604738468006509,6,0
322444332441124423124324143312,1,377655,27974,21.035496485052818,-7.878521506847792,6,0
42331242213332112213231342244,1,355729,101045,-12.855715618821398,9.48387201698837,6,0
232232321422223123342333331342,1,136436,96211,-6.624442169874538,1.603572055559677,6,0
232232321422223123342333331342,1,402208,185497,24.459422660216106,-1.6633301929685205,6,0
423213322331344112234421111341,1,5078,169002,26.25477472733408,-12.993912336388927,6,0
423213322331344112234421111341,1,265745,26187,21.695079925796794,-6.489826765031991,6,0
343344221342221224141122114122,1,95330,84756,-17.949797844517835,15.170566016134007,6,0
423111112342214342331143431211,1,351477,19593,-6.026245304788537,-5.1119151170466335,6,0
423112112342214342331143431211,1,250880,161596,-25.957922823460454,-3.63543939669017,6,0
423111112342214342331143431211,1,347415,103855,3.4879347999109185,-14.86917112057169,6,0
123422341123232323233111241132,1,208107,77434,-11.581751128096943,23.66152729728688,6,0
123422341123232323233111241132,1,148703,131691,27.676094937128642,-5.917617278762953,6,0
4231111123422414342331143431211,1,4117,99225,-3.8147344267111793,-21.645011809155747,6,0
322412132334134411344431422421,1,208425,149253,21.11576907804066,-12.597304452321955,6,0
423312422313332112213231342244,1,235902,224610,1.747508275345499,16.59543513883972,6,0
423312422313332112213231342244,1,180224,248660,10.850516647846858,1.2364226072043634,6,0
424213144431441314413234312213,1,413768,317431,-25.014898241991947,-0.058042265987558884,6,0
42331242231332112213231342244,1,166491,115647,-8.720960081426592,0.3982325248705849,6,0
422244113314432343312324334211,1,309519,29742,-7.251959409308386,5.702965016983142,6,0
422244113314432343312324334211,1,337536,358780,7.857777299018747,27.63280670329903,6,0
434144143341113443234241414313,1,137897,382651,-15.812437621706895,-1.6826039668730828,6,0
434144143341113443234241414313,1,260195,68177,-24.480992021627635,-1.099106280834866,6,0
4341441433411134432342414134313,1,241206,139730,-20.77127377709075,3.526572772204192,6,0
331221412243244312244323232134,1,423366,292409,-2.095418433974858,2.6118782541484507,6,0
232442243224411322312242311333,1,128462,49123,1.8342292861498881,-14.044877593883797,6,0
232442243224411322312242311333,1,119892,254450,12.13092557141865,9.314779813136404,6,0
232442243224411322312242311333,1,134212,166541,-5.284888183693782,-16.61369274449084,6,0
232442243224411322312242311333,1,216420,135973,4.412126604135745,-24.908086800597204,6,0
441132432122144214433323441424,1,219444,55023,-14.001020087817816,12.625752219717876,6,0
441132432122144214433323441424,1,365477,127454,-14.32096540129519,23.846678666116542,6,0
422432424221131113233134221213,1,307270,213808,17.20107951738572,13.133487966221946,6,0
422432424221131113233134221213,1,143890,91862,-0.7176861831513747,3.167416098315694,6,0
42243142412211131113233134221213,1,126924,364824,-14.022975715214752,20.492218651657385,6,0
4224324242211311132313134221213,1,216658,117396,-8.690354604703716,-23.579857763746862,6,0
422432424221131113233134221213,1,263665,327319,14.856515480511296,-17.165862481144224,6,0
144244231432412231332432344233,1,46334,139044,13.599186733219897,-21.509863992907707,6,0
144244231432412231332432344233,1,346516,95594,4.157361243903719,16.91746399057426,6,0
144244231432412231332432344233,1,186691,248418,-1.3095954040224203,-22.908456329461842,6,0
24114214133314321332234133122,1,34237,155878,-0.40543992310290405,25.42173963704181,6,0
241142141333144213322334133122,1,338926,201225,-0.6369782480700509,-8.378752298745912,6,0
241142141333144223322334133122,1,289475,269656,-25.804196697056724,7.963419119845752,6,0
241142141333144213322334133122,1,72157,322734,-2.8230344599961823,18.78491512413999,6,0
241142141333144213322334133122,1,107135,290575,-18.339372717263274,14.142669886469301,6,0
241142141333144213322334133122,1,267470,390213,-4.655223248000402,15.129293295694804,6,0
234142412334432224112111132312,1,40782,350774,-18.18866717094266,14.302919363410865,6,0
432411123221233441331423223114,1,384941,352662,-21.784035672481725,-1.786882880031653,6,0
313444322211313231312132121313,1,373127,331544,-0.31727068654309903,-9.414929720794692,6,0
3134443222211313231312132121313,1,332783,202151,-2.6498834336056563,-6.486955206882026,6,0
313444322211313231312132121313,1,324237,154107,-5.444250851133818,18.35824662007521,6,0
313444322211313231312132121313,1,45017,346946,-5.857669064409499,22.662934317298696,6,0
313444322211313231312132121313,1,70626,97096,12.003037404305676,11.739631495542614,6,0
313444322211313231312132121313,1,127734,1581,12.67334058651412,6.053792197330803,6,0
313444322211313231312132121313,1,103222,231380,-3.8615638258266367,-15.38252259020086,6,0
343242231342412432142112214431,1,211994,285706,-0.6974852049776681,-23.230072073324724,6,0
343242231342412432142112214431,1,197190,109351,18.364138555756504,-10.227427960766258,6,0
124313424412223213344321443221,1,2989,104783,12.277704768509293,5.986235068745051,6,0
124313424412223213344321443221,1,249934,397113,15.55388374628049,6.317848698916426,6,0
124313424412223213344321443221,1,360007,265461,-13.953195773182951,21.06946678733592,6,0
124313424412223213344321443221,1,255742,376375,-6.685150044599399,-7.265646929813351,6,0
213122413112112212414231431142,1,244031,364695,1.9035114737124932,7.831401048136223,6,0
213122413112112212414231431142,1,207280,196900,6.835451235874716,2.9826485880393334,6,0
34324223134241243214112214431,1,327013,353877,0.2819516147879663,-28.73568715315465,6,0
213122413112112212414231431142,1,13214,13912,-6.095863840846233,4.297587472992971,6,0
213122413112112212414231431142,1,117513,300018,21.062589446647234,-14.424984784928402,6,0
2131322413112112212414231431142,1,297361,39120,0.45701830941697436,12.379173895469119,6,0
2131322413112112212414231431142,1,269699,204705,5.815724415833453,-21.6415266030133,6,0
4411322432122144214433323441424,1,240513,298247,9.980409175235067,3.7922634763936323,6,0
441132432122144214433323441424,1,307905,386846,22.301289771090545,-13.63834882914815,6,0
441132432122144214433323441424,1,340067,197681,-14.22269157187907,18.783841756438967,6,0
144244231432412231332432344233,1,400500,359207,11.693172338119302,-9.440079585196841,6,0
234142412334432224112111132312,1,241089,382714,-27.739975203288957,3.1970945987335284,6,0
234142412334432224112111132312,1,262347,210263,-19.239955154308785,-2.789786032774484,6,0
234142412334432224112111132312,1,422728,329059,4.250941119006796,3.0169167380666675,6,0
234142412334432224112111132312,1,379455,326021,-6.115451547579952,23.103871998998102,6,0
4321411123221233441331423223114,1,403305,121452,17.63083022492074,10.44149919821587,6,0
434144143341113443234241414313,1,110734,147282,15.418766773323542,-5.070777019076794,6,0
423211321112144112114234411333,1,287148,262761,19.606813901238528,15.161438253943537,6,0
422432424221131113233134221213,1,351965,230377,18.411099339975724,11.174379581437071,6,0
423211321112144112114234411333,1,191359,139156,5.46575067087057,2.2543858062522353,6,0
234142412334432224112111132312,1,228731,112084,-6.029325104755834,9.363305397198689,6,0
124313424412223213344321443221,1,70454,91138,-3.861093385157296,2.3623135306843066,6,0
313444322211313231312132121313,1,250622,260294,7.572830702256711,-6.417795736956163,6,0
313444322211313231312132121313,1,173768,232842,1.5611762797505082,-0.16198397876701132,6,0
441132432122144214433323441424,1,26744,324834,1.29609098600637,4.36607031373957,6,0
234142412334432224112111132312,1,249420,411853,6.716679579545253,19.301751400274135,6,0
432411123221233441331423223114,1,111643,103893,-17.363873356531297,15.062494269064961,6,0
331221412243244312244323232434,1,130382,22503,11.04578736503638,-10.734792816122695,6,0
441132432122144214433323441424,1,341560,79036,-2.356404745174861,4.528887587599412,6,0
432234412342443434243324312322,1,331747,413981,-23.619660748963472,-5.732088444429581,6,0
123422341123232323233111241132,1,177238,247429,1.2286016610231962,-7.176284929738127,6,0
424213144431441314413234312213,1,411692,86585,15.66453852646974,18.146212346015464,6,0
424213144431441314413234312213,1,377987,97817,-14.5877470942829,-1.9730102717533367,6,0
422244113314432343312324314211,1,373017,40438,9.704656749429995,27.29494145991926,6,0
313444322211313231312132121313,1,386734,399567,-6.536582630682981,-1.9525207809904424,6,0
124313424412223213344321443221,1,367756,3976,2.1116110843063023,-9.499375803042446,6,0
331221412243244312244323232434,1,380377,101820,-0.29337472400425674,5.639344080345985,6,0
441132432122144214433323441424,1,130494,250329,-15.343231573773146,-13.197673925267145,6,0
144244231432412231332432344233,1,235678,151298,-2.6726952974691605,-25.19614004552951,6,0
422432424221131113233134221213,1,349606,363815,-10.639581220740665,-11.152845240111178,6,0
31444322211313231312132121313,1,19007,197876,8.520703704144289,11.525556341060181,6,0
124313424122232133244321443221,1,167150,399772,-9.011886028251784,-4.830551854999913,6,0
422432424221131113233134221213,1,363798,120591,-9.708374841729963,-11.920501406971924,6,0
343242231342412432142112214431,1,376897,395356,-8.240900174343423,-19.191935997374085,6,0
322412132334134411344431422421,1,387770,357966,-2.3351308086763045,7.898114803296831,6,0
423211321112144112114234411333,1,105009,346948,4.922332024697743,9.070810485279504,6,0
34324223134241243214112214431,1,134480,290632,-11.668809752664647,11.919058073715869,6,0
